(0).H-12C≡12C-H,../input/theoretical_data/TIPS/This_Work_TIPS_vol0.csv
(1).H-13C≡12C-H,../input/theoretical_data/TIPS/This_Work_TIPS_vol1.csv
(2).D-12C≡12C-H,../input/theoretical_data/TIPS/This_Work_TIPS_vol2.csv
(3).H-13C≡13C-H,../input/theoretical_data/TIPS/This_Work_TIPS_vol3.csv
(4).D-12C≡13C-H,../input/theoretical_data/TIPS/This_Work_TIPS_vol4.csv
(5).D-13C≡12C-H,../input/theoretical_data/TIPS/This_Work_TIPS_vol5.csv
(6).D-12C≡12C-D,../input/theoretical_data/TIPS/This_Work_TIPS_vol6.csv
(7).D-13C≡13C-H,../input/theoretical_data/TIPS/This_Work_TIPS_vol7.csv
(8).D-13C≡12C-D,../input/theoretical_data/TIPS/This_Work_TIPS_vol8.csv
(9).D-13C≡13C-D,../input/theoretical_data/TIPS/This_Work_TIPS_vol9.csv
