(0).H-12C≡12C-H,../input/theoretical_data/Rotational_Branches/This_Work_Rotational_Branches_vol0.csv
(1).H-13C≡12C-H,../input/theoretical_data/Rotational_Branches/This_Work_Rotational_Branches_vol1.csv
(2).D-12C≡12C-H,../input/theoretical_data/Rotational_Branches/This_Work_Rotational_Branches_vol2.csv
(3).H-13C≡13C-H,../input/theoretical_data/Rotational_Branches/This_Work_Rotational_Branches_vol3.csv
(4).D-12C≡13C-H,../input/theoretical_data/Rotational_Branches/This_Work_Rotational_Branches_vol4.csv
(5).D-13C≡12C-H,../input/theoretical_data/Rotational_Branches/This_Work_Rotational_Branches_vol5.csv
(6).D-12C≡12C-D,../input/theoretical_data/Rotational_Branches/This_Work_Rotational_Branches_vol6.csv
(7).D-13C≡13C-H,../input/theoretical_data/Rotational_Branches/This_Work_Rotational_Branches_vol7.csv
(8).D-13C≡12C-D,../input/theoretical_data/Rotational_Branches/This_Work_Rotational_Branches_vol8.csv
(9).D-13C≡13C-D,../input/theoretical_data/Rotational_Branches/This_Work_Rotational_Branches_vol9.csv
